{
  "parent": "item/generated",
  "textures": {
    "layer0": "item/cod"
  },
  "overrides": [
    { "predicate": { "custom_model_data": 1 }, "model": "item/fish/1" },
    { "predicate": { "custom_model_data": 2 }, "model": "item/fish/2" },
    { "predicate": { "custom_model_data": 3 }, "model": "item/fish/3" },
    { "predicate": { "custom_model_data": 4 }, "model": "item/fish/4" },
    { "predicate": { "custom_model_data": 5 }, "model": "item/fish/5" },
    { "predicate": { "custom_model_data": 6 }, "model": "item/fish/6" },
    { "predicate": { "custom_model_data": 7 }, "model": "item/fish/7" },
    { "predicate": { "custom_model_data": 8 }, "model": "item/fish/8" },
    { "predicate": { "custom_model_data": 9 }, "model": "item/fish/9" },
    { "predicate": { "custom_model_data": 10 }, "model": "item/fish/10" },
    { "predicate": { "custom_model_data": 11 }, "model": "item/fish/11" },
    { "predicate": { "custom_model_data": 12 }, "model": "item/fish/12" },
    { "predicate": { "custom_model_data": 13 }, "model": "item/fish/13" },
    { "predicate": { "custom_model_data": 14 }, "model": "item/fish/14" },
    { "predicate": { "custom_model_data": 15 }, "model": "item/fish/15" },
    { "predicate": { "custom_model_data": 16 }, "model": "item/fish/16" },
    { "predicate": { "custom_model_data": 17 }, "model": "item/fish/17" },
    { "predicate": { "custom_model_data": 18 }, "model": "item/fish/18" },
    { "predicate": { "custom_model_data": 19 }, "model": "item/fish/19" },
    { "predicate": { "custom_model_data": 20 }, "model": "item/fish/20" },
    { "predicate": { "custom_model_data": 21 }, "model": "item/fish/21" },
    { "predicate": { "custom_model_data": 22 }, "model": "item/fish/22" },
    { "predicate": { "custom_model_data": 23 }, "model": "item/fish/23" },
    { "predicate": { "custom_model_data": 24 }, "model": "item/fish/24" },
    { "predicate": { "custom_model_data": 25 }, "model": "item/fish/25" },
    { "predicate": { "custom_model_data": 26 }, "model": "item/fish/26" },
    { "predicate": { "custom_model_data": 27 }, "model": "item/fish/27" },
    { "predicate": { "custom_model_data": 28 }, "model": "item/fish/28" },
    { "predicate": { "custom_model_data": 29 }, "model": "item/fish/29" },
    { "predicate": { "custom_model_data": 30 }, "model": "item/fish/30" },
    { "predicate": { "custom_model_data": 31 }, "model": "item/fish/31" },
    { "predicate": { "custom_model_data": 32 }, "model": "item/fish/32" },
    { "predicate": { "custom_model_data": 33 }, "model": "item/fish/33" },
    { "predicate": { "custom_model_data": 34 }, "model": "item/fish/34" },
    { "predicate": { "custom_model_data": 35 }, "model": "item/fish/35" },
    { "predicate": { "custom_model_data": 36 }, "model": "item/fish/36" },
    { "predicate": { "custom_model_data": 37 }, "model": "item/fish/37" },
    { "predicate": { "custom_model_data": 38 }, "model": "item/fish/38" },
    { "predicate": { "custom_model_data": 39 }, "model": "item/fish/39" },
    { "predicate": { "custom_model_data": 40 }, "model": "item/fish/40" },
    { "predicate": { "custom_model_data": 41 }, "model": "item/fish/41" },
    { "predicate": { "custom_model_data": 42 }, "model": "item/fish/42" },
    { "predicate": { "custom_model_data": 43 }, "model": "item/fish/43" },
    { "predicate": { "custom_model_data": 44 }, "model": "item/fish/44" },
    { "predicate": { "custom_model_data": 45 }, "model": "item/fish/45" },
    { "predicate": { "custom_model_data": 46 }, "model": "item/fish/46" },
    { "predicate": { "custom_model_data": 47 }, "model": "item/fish/47" },
    { "predicate": { "custom_model_data": 48 }, "model": "item/fish/48" },
    { "predicate": { "custom_model_data": 49 }, "model": "item/fish/49" },
    { "predicate": { "custom_model_data": 50 }, "model": "item/fish/50" },
    { "predicate": { "custom_model_data": 51 }, "model": "item/fish/51" },
    { "predicate": { "custom_model_data": 52 }, "model": "item/fish/52" },
    { "predicate": { "custom_model_data": 53 }, "model": "item/fish/53" },
    { "predicate": { "custom_model_data": 54 }, "model": "item/fish/54" },
    { "predicate": { "custom_model_data": 55 }, "model": "item/fish/55" },
    { "predicate": { "custom_model_data": 56 }, "model": "item/fish/56" },
    { "predicate": { "custom_model_data": 57 }, "model": "item/fish/57" },
    { "predicate": { "custom_model_data": 58 }, "model": "item/fish/58" },
    { "predicate": { "custom_model_data": 59 }, "model": "item/fish/59" },
    { "predicate": { "custom_model_data": 60 }, "model": "item/fish/60" },
    { "predicate": { "custom_model_data": 61 }, "model": "item/fish/61" },
    { "predicate": { "custom_model_data": 62 }, "model": "item/fish/62" },
    { "predicate": { "custom_model_data": 63 }, "model": "item/fish/63" },
    { "predicate": { "custom_model_data": 64 }, "model": "item/fish/64" },
    { "predicate": { "custom_model_data": 65 }, "model": "item/fish/65" },
    { "predicate": { "custom_model_data": 66 }, "model": "item/fish/66" },
    { "predicate": { "custom_model_data": 67 }, "model": "item/fish/67" },
    { "predicate": { "custom_model_data": 68 }, "model": "item/fish/68" },
    { "predicate": { "custom_model_data": 69 }, "model": "item/fish/69" },
    { "predicate": { "custom_model_data": 70 }, "model": "item/fish/70" },
    { "predicate": { "custom_model_data": 71 }, "model": "item/fish/71" },
    { "predicate": { "custom_model_data": 72 }, "model": "item/fish/72" },
    { "predicate": { "custom_model_data": 73 }, "model": "item/fish/73" },
    { "predicate": { "custom_model_data": 74 }, "model": "item/fish/74" },
    { "predicate": { "custom_model_data": 75 }, "model": "item/fish/75" },
    { "predicate": { "custom_model_data": 76 }, "model": "item/fish/76" },
    { "predicate": { "custom_model_data": 77 }, "model": "item/fish/77" },
    { "predicate": { "custom_model_data": 78 }, "model": "item/fish/78" },
    { "predicate": { "custom_model_data": 79 }, "model": "item/fish/79" },
    { "predicate": { "custom_model_data": 80 }, "model": "item/fish/80" },
    { "predicate": { "custom_model_data": 81 }, "model": "item/fish/81" },
    { "predicate": { "custom_model_data": 82 }, "model": "item/fish/82" },
    { "predicate": { "custom_model_data": 83 }, "model": "item/fish/83" },
    { "predicate": { "custom_model_data": 84 }, "model": "item/fish/84" },
    { "predicate": { "custom_model_data": 85 }, "model": "item/fish/85" },
    { "predicate": { "custom_model_data": 86 }, "model": "item/fish/86" },
    { "predicate": { "custom_model_data": 87 }, "model": "item/fish/87" },
    { "predicate": { "custom_model_data": 88 }, "model": "item/fish/88" },
    { "predicate": { "custom_model_data": 89 }, "model": "item/fish/89" },
    { "predicate": { "custom_model_data": 90 }, "model": "item/fish/90" },
    { "predicate": { "custom_model_data": 91 }, "model": "item/fish/91" },
    { "predicate": { "custom_model_data": 92 }, "model": "item/fish/92" },
    { "predicate": { "custom_model_data": 93 }, "model": "item/fish/93" },
    { "predicate": { "custom_model_data": 94 }, "model": "item/fish/94" },
    { "predicate": { "custom_model_data": 95 }, "model": "item/fish/95" },
    { "predicate": { "custom_model_data": 96 }, "model": "item/fish/96" },
    { "predicate": { "custom_model_data": 97 }, "model": "item/fish/97" },
    { "predicate": { "custom_model_data": 98 }, "model": "item/fish/98" },
    { "predicate": { "custom_model_data": 99 }, "model": "item/fish/99" }
  ]
}
