{
  "parent": "item/generated",
  "textures": {
    "layer0": "item/cod"
  },
  "overrides": [
    { "predicate": { "custom_model_data": 1 }, "model": "item/fish/fish/1" },
    { "predicate": { "custom_model_data": 2 }, "model": "item/fish/fish/2" },
    { "predicate": { "custom_model_data": 3 }, "model": "item/fish/fish/3" },
    { "predicate": { "custom_model_data": 4 }, "model": "item/fish/fish/4" },
    { "predicate": { "custom_model_data": 5 }, "model": "item/fish/fish/5" },
    { "predicate": { "custom_model_data": 6 }, "model": "item/fish/fish/6" },
    { "predicate": { "custom_model_data": 7 }, "model": "item/fish/fish/7" },
    { "predicate": { "custom_model_data": 8 }, "model": "item/fish/fish/8" },
    { "predicate": { "custom_model_data": 9 }, "model": "item/fish/fish/9" },
    { "predicate": { "custom_model_data": 10 }, "model": "item/fish/fish/10" },
    { "predicate": { "custom_model_data": 11 }, "model": "item/fish/fish/11" },
    { "predicate": { "custom_model_data": 12 }, "model": "item/fish/fish/12" },
    { "predicate": { "custom_model_data": 13 }, "model": "item/fish/fish/13" },
    { "predicate": { "custom_model_data": 14 }, "model": "item/fish/fish/14" },
    { "predicate": { "custom_model_data": 15 }, "model": "item/fish/fish/15" },
    { "predicate": { "custom_model_data": 16 }, "model": "item/fish/fish/16" },
    { "predicate": { "custom_model_data": 17 }, "model": "item/fish/fish/17" },
    { "predicate": { "custom_model_data": 18 }, "model": "item/fish/fish/18" },
    { "predicate": { "custom_model_data": 19 }, "model": "item/fish/fish/19" },
    { "predicate": { "custom_model_data": 20 }, "model": "item/fish/fish/20" },
    { "predicate": { "custom_model_data": 21 }, "model": "item/fish/fish/21" },
    { "predicate": { "custom_model_data": 22 }, "model": "item/fish/fish/22" },
    { "predicate": { "custom_model_data": 23 }, "model": "item/fish/fish/23" },
    { "predicate": { "custom_model_data": 24 }, "model": "item/fish/fish/24" },
    { "predicate": { "custom_model_data": 25 }, "model": "item/fish/fish/25" },
    { "predicate": { "custom_model_data": 26 }, "model": "item/fish/fish/26" },
    { "predicate": { "custom_model_data": 27 }, "model": "item/fish/fish/27" },
    { "predicate": { "custom_model_data": 28 }, "model": "item/fish/fish/28" },
    { "predicate": { "custom_model_data": 29 }, "model": "item/fish/fish/29" },
    { "predicate": { "custom_model_data": 30 }, "model": "item/fish/fish/30" },
    { "predicate": { "custom_model_data": 31 }, "model": "item/fish/fish/31" },
    { "predicate": { "custom_model_data": 32 }, "model": "item/fish/fish/32" },
    { "predicate": { "custom_model_data": 33 }, "model": "item/fish/fish/33" },
    { "predicate": { "custom_model_data": 34 }, "model": "item/fish/fish/34" },
    { "predicate": { "custom_model_data": 35 }, "model": "item/fish/fish/35" },
    { "predicate": { "custom_model_data": 36 }, "model": "item/fish/fish/36" },
    { "predicate": { "custom_model_data": 37 }, "model": "item/fish/fish/37" },
    { "predicate": { "custom_model_data": 38 }, "model": "item/fish/fish/38" },
    { "predicate": { "custom_model_data": 39 }, "model": "item/fish/fish/39" },
    { "predicate": { "custom_model_data": 40 }, "model": "item/fish/fish/40" },
    { "predicate": { "custom_model_data": 41 }, "model": "item/fish/fish/41" },
    { "predicate": { "custom_model_data": 42 }, "model": "item/fish/fish/42" },
    { "predicate": { "custom_model_data": 43 }, "model": "item/fish/fish/43" },
    { "predicate": { "custom_model_data": 44 }, "model": "item/fish/fish/44" },
    { "predicate": { "custom_model_data": 45 }, "model": "item/fish/fish/45" },
    { "predicate": { "custom_model_data": 46 }, "model": "item/fish/fish/46" },
    { "predicate": { "custom_model_data": 47 }, "model": "item/fish/fish/47" },
    { "predicate": { "custom_model_data": 48 }, "model": "item/fish/fish/48" },
    { "predicate": { "custom_model_data": 49 }, "model": "item/fish/fish/49" },
    { "predicate": { "custom_model_data": 50 }, "model": "item/fish/fish/50" },
    { "predicate": { "custom_model_data": 51 }, "model": "item/fish/fish/51" },
    { "predicate": { "custom_model_data": 52 }, "model": "item/fish/fish/52" },
    { "predicate": { "custom_model_data": 53 }, "model": "item/fish/fish/53" },
    { "predicate": { "custom_model_data": 54 }, "model": "item/fish/fish/54" },
    { "predicate": { "custom_model_data": 55 }, "model": "item/fish/fish/55" },
    { "predicate": { "custom_model_data": 56 }, "model": "item/fish/fish/56" },
    { "predicate": { "custom_model_data": 57 }, "model": "item/fish/fish/57" },
    { "predicate": { "custom_model_data": 58 }, "model": "item/fish/fish/58" },
    { "predicate": { "custom_model_data": 59 }, "model": "item/fish/fish/59" },
    { "predicate": { "custom_model_data": 60 }, "model": "item/fish/fish/60" },
    { "predicate": { "custom_model_data": 61 }, "model": "item/fish/fish/61" },
    { "predicate": { "custom_model_data": 62 }, "model": "item/fish/fish/62" },
    { "predicate": { "custom_model_data": 63 }, "model": "item/fish/fish/63" }
  ]
}
